Comment_demojified_cleaned_all_processed,Sentiment
bought 2200 ico 0.50 per coin hold everything sold month ago helped buy bigger house,Positive
harmony one algorand cardano solana vechain gon na fly ever next bull market otherwise buy stack satoshis,Positive
honestly reading post many response conclude cryptospace totally fucked consept crypto entirely lost wave noobs arrive crypto island instead revelling freedom everything plan way get back island,Negative
bear market money made continue dca asset believe,Positive
funny people think bitcoins risk comparable stock lot crypto investor gon na learn hard way sooner later,Negative
terra bad investment cryptos operate ponzi scheme,Negative
first company ticket monster major flop critical reason never touched dog shit,Negative
added 5mil bag long term stay strong bada bing bada boom,Positive
fuck kwon 2.0 version,Negative
access global currency open option outside local fiat amazing seeing people across different continent cheering currency,Positive
never stoped buying buying,Positive
unpopular opinion crypto suck criticism topic perspective bank suck crypto aint much better higly speculative unstable much bullshit wallstreet leverage shorting future longs market manipulation people gambling money key arnt really safe want implement chip arm chip break keep digitally somewhere dig hole ground people keep centralised exchange anyway die wont go relative fuck mental emotional state unstable nature one day think money next day 20 gone people buy early basicly taking people investment sell call pyramid game space flooding scammer annoying shilling shouting idiot bitcoin like highly energy inefficient yes look regular financial system energy use say blah blah .... like saying dump plastic river there plastic soup already ocean yes use solar panel ... well use usefull thing costly make yes proof stake say yes ... basicly kept air people .... gambling money company cant build stuff without thousand people throwing money hoping get rich temselves blockchains cool decentralised way speculation top ... everyone shouting digital coin society remains shithole salary low people housing price still going roof crypto wont safe u wealthy people get wealthy cost others might get lucky .. lucky early take people money finally cash sorry rant kind im starting feel whole thing,Negative
recover zero since recovery plan place soon,Positive
shit crypto isnt safe volatility rugpulls honeypot scam there one thing dont safety thus higher return make market survive,Negative
celsius destroyed ust peg caused retailer lose huge amount money anything everything recover money push come shove,Negative
eth great .... matic way,Positive
show still ton degenerate gambler space,Negative
ada awful post cope,Negative
literally crashing zero real time atm luna worth less ust rolling floor laughing,Negative
im super bullish dot best hold imho love team love tech ecosystem growing nice pace instance ive tinkering parallel finance lately really like think going see great thing polkadot future good luck dot holder,Positive
yes actually good ton solution built top blockchain first mover advantage player offered smart contract functionality course drawback limitation duh adapt go think etc idiot still buy wouldnt call weak mean even stupidly expensive gas fee solid solution,Positive
wow tron copied eth copying tfls folly tron labeled pile poo coin coinsider yt founder tron like steal idea look like stole wrong one time whoever triggered usts death spiral also trigger one usdd also predicting noncollateralized stable coin banned eventually,Negative
bitcoin absolute piece shit slow outdated technology,Negative
yep time accumulate big guy btc eth,Positive
laugh want practically inevitable crypto coin take world exchange currency would take pretty big reversal point bitcoin suppose possible,Positive
didnt sell luna 900 dollar worth,Negative
intrinsictrue value crypto 0. thats hyperbole thats objective fact virtual currency guess true fiat money big disaster scenario society collapse likely would become equally worthless pretty much immediately even internet somehow continued running one would interested crypto soon scarcity insecurity scale physical good matter possible gold could come use youd confident people interested taking exchange may end starving death pile shiny metal otherwise,Negative
crypto gain depend greater fool buy youve bought course someone 60 portfolio bitcoin going shill reality crypto really exploded spectacularly speculation love low interest rate easy money world live since origin bitcoin monetary policy tighten speculation shit bed happening,Negative
hype narrative crypto constantly change based promoter need push basically repeated phrase similar propaganda first medium exchange found slow costly medium exchange anonymous currency government came way track required exchange record info customer uncorrelated asset didnt work highly correlated nasdaq digital gold store value inflation hedge isnt panning either dont think anyone surprised,Negative
fan cardano strongly believe future cardano cant wait smart contract deployed sundaeswap,Positive
5. creator shady po like kwon,Negative
crypto another scratch ticket tax poor digi pipe dream dont fall,Negative
nooooo cant told hedge inflation everyone said best store value rate people able afford btc pretty tulip,Negative
cause still pegging btc dollar actually bitcoin bitcoin .75c inflation,Positive
cant go wrong btc eth,Positive
ultimate gift money launderers tax evaders regime circumventing sanction wasnt easy enough already pyramid scheme type large scale fraud never quicker easier super easy lose everything phishing exploit energy consumption pow new avenue gambling addict created suffer relapse beyond rug pull meme coin project still massively inflated bubble vast majority buyer know shit fuck want get rich quick,Negative
gon na buy dip still,Positive
became religion akin old religion people defend cointoken like chosen greek god waging war god honestly interesting also cringe time,Negative
yes government ban one major thing though entire backbone crypto liquidity stable coin called tether complete scam already banned ny sec find coin backed one u.s. dollar backed nothing believe fed shut exchange become one huge ponzi scheme,Negative
environmental impact bitcoin alone environmental impact co2 emission small country currency primarily used stored value transaction incredibly problematic assuming transformational breakthrough computing efficiency proof work going u obfuscating long term value crypto httpsnews.climate.columbia.edu20210920bitcoinsimpactsonclimateandtheenvironment complexity smart nontechy friend literally put 40k titan crypto fund didnt trust make costly error purchasing coin advised he early 30 work tech company still confident transacting coin thats going continue problem broad adoption scammy coin thread love shit elizabeth warren trying regulate crypto space think heart right place often get detail wrong buuuuut want broad adoption need zero news story people getting rug pulled hacked etc regulation specifically around verification project fundamental would incredibly valuable giving consumer confidence theyre purchasing prevent people rug pulled becoming crypto detractor littleedge case consumer utility self explanatory actual broad consumer market application still rolling dice casino,Negative
prolly going get downvoted 100 speculative look top 100 largest business invest around 2011 look cryptocurrencies 80 business era still around .... look many cryptocurrencies popular still known less higher risk come higher reward dont let blind fact cryptocurrencies riskiest investment,Negative
time get always present safe never invest afford lose always research,Positive
network stronger ever before.price follow soon,Positive
eth size time market largess number devoted developer quantity use apps large infrastructure number team use code developer tool marketing brand recognition percentage market aggressive current development year head start devoted coin holder number side chain side project etc kinda elephant room large pasture staked good many using developing lot invested much coming online thanks post got evaluate got ta buy eth,Positive
bitcoin offer billion people around world dont access bank account way store spend grow wealth time gain adoption become less volatile due larger market cap trading volume look around world today dont think huge need decentralized incorruptible money im sure disagree lot btc,Positive
cornucopia nftmetaverse ergodex hot right liqwid.finance im following progress bunch nft going dont require smart contract also interesting setup stake pool check cardanocube feel like browsing,Positive
bitcoin vague purpose biggest problem originally meant cash system became store value digital gold hedge inflation people trying think way attach nfts use purpose 401ks mortgage asset id verification want digital currency people spend goddamn capitalist religious icon,Negative
pretty big news love see utility even bearish market overall fiat dca might convert ccd profit get,Positive
100 eth eth proven real operational environment cant stress enough also safe sec,Positive
cash asshole hardon btc im pretty sure cryptos scam made jump hype train,Negative
bitcoin great hedge inflation demand growing fiat keep printing yet fewer btc put existence year trend toward 0. buy 1btc 30k held ten year 1btc lot scarce 30k worth lot less way stock market asset hedge inflation usually count selling inflation happens fallout crypto preformed extremely well last two year run lagging cpi ethereum hedge inflation people spend 2080 million blockspace day mint 30m new coin get sold day people want blockspace next year mint 3m new coin day forever im taking bet people pay even blockspace future l2 compression protocol batch 1000 1. blockspace finate demand strong good bet make far here great site compare pow po ethereum something like 2000x energy reduction sometime year bitcoin mining done specialized hardware economics lot different gpu mining strongly incentivize new development clean power imo large corporation access energy selling cost isnt sustainable true decentralization whatever keep coal mine profitable hashrate inexpensively high argument usually allows existing mine stay open longer recycling otherwise wasted energy btc mean may go bankrupt thats still step right direction compared flaring sky though btc sent somewhere power create power like oil used every year amount new btc minted per block reduced half hashrate securitydifficulty mine dependant many miner trying get one block reward mean cost 20k mine btc thats worth 30k today next halving cost 20k receive 15k btc would forced stop mining find cheaper alternative price btc double safe despite btc maxi think cant double forever nonissue solve ideally cost people buying blockspace crypto fee drastic enough make today prehalving inflation rate mean ton pow done earn fee today miner already making pivot clean energy choice cant imagine 20 year easier use coal otherwise energy argument global one picking crypto disingenuous people completely ignorant crypto theyre taught btc legitimate currency multiple country crypto used world place dont bank face real inflation argentina spend card shop online visa using cheaperfaster existing rail stripe reason volitility mean buy price deserve price told housing bounced every 4y werent forced 1m two bedroom home maybe youd okay real problem crypto none thing mentioned,Positive
thought store value .... whered value go btc nothing,Negative
bought 64k 37k drop 29k im buying bag im glad im finally getting nice bag btc time,Positive
hype around nft collectible bad thing someone would throw thousand even hundred thousand jpeg monkey look exactly like five thousand jpeg monkey except different color teeth beyond current nft market giant bubble ready burst punish create nfts actually unique artistic rather randomly generated modification image,Negative
bitcoin lot thing right doomsday currency inflation hedge speculative asset central banking hedge technology play plus hundred thing thing component price value people buy sell hold different reason cant look say dropping due inflation hedge inflation also cant say hedge central bank monetary policy central bank probably one worst spot yet btc isnt time high btc wearing many hat right dont let anyone tell one number different thing,Positive
keep telling everybody every single day week polygon ethereum match made heaven nothing going stopping duo mass adoption coming slowly surely,Positive
check ousd look great moderate return,Positive
use actual currency hell lot place could,Positive
first bought bitcoin 2011 honestly liked idea sending money online trustless manner seemed revolutionary right,Positive
bitcoin literally produce security order 180000 time greater world fastest supercomputer,Positive
ethereum ecosystem developer competitor devs every smart contract platform combined excluding bitcoin devs every crypto combined result developer innovation every advance defi happened first ethereum chain dapps almost exclusively clone thing developed first ethereum amount value locked defi mainmet double every chain combined,Positive
failed stable coin project removed stable coin tried relaunching ... obviously going,Negative
perfect time buy luna,Positive
crypto wild ride high low doge hodl,Positive
scam claim like always false 99 crypto worth zero soon,Negative
find crypto reward protein folding banano foldinghome neat use crypto lot research project benefit compute power machine learning etc hope see type business model replicated area,Positive
believe good luck stretch newness polkadot way seeing opportunity never seen chain equilibrium instance low interest rate borrowing talk low collateral,Positive
great news truly understand btc however dont get expect laugh good worried one bit respect volatility love fud great time buy btc eth simple brain stomach wait ease bring bad news bring blood bring negative sentiment nothing changed fundamentally btc eth,Positive
safe could lose 50 week take year recover could take month heck 20 drop usually people say safe referring lack volatility consistent return limited loss crypto definitely,Negative
hedgies playing ping pong hoping pull retard money along way,Negative
friend crypto made lot money date still doesnt home reason quote want money need bitcoin one click button cash house difficult sell even market high take month sell house think 5001000 month great get bitcoin learn pattern odds btc cross 100k next bull run following 2024 halving stack 12 btc looking 100200k investing 1040k depending bitcoin price current bear market might see sub 20k price soon,Positive
37k incoming get ready boy,Positive
going crash people lively hood,Negative
dont like crypto ethically financially technologically proof work mining e.g bitcoin waste ungodly amount electricity world 100 renewables mining displaces useful work thus creates emission computing capacity proof space making world worse place driving storage cost everybody coin speculation massive ponzi scheme crypto fan acknowledges e.g bitcoin network throughput dozen qps would merely hilarious wasnt burning much coal australia pure waste bitcoin production estimated generate 22 22.9 million metric ton carbon dioxide emission year level produced jordan sri lanka 2019 study scientific journal joule found source ie game entire additional country environmental damage useful gain one found actual use except online drug dealing requires niche coin since bitcoin massive distributed public ledger level market manipulation accounting fraud eg tether usd coin admitted lying backing would normally send people jail reason got free pas clueless marketing fanboys hope enrich creating another layer pyramid endlessly stupid project spawned blockchain seen solution anything aside niche case distributed tamper evident journal single handedly made mass international ransomware viable business model allowing way receive cash outside banking system general enablement sort scam e.g endless kid subreddit promoting 12 crypto saving account isnt nearly secure people think determined state actor could subvert network deflation isnt actually good thing currency ultimately favour wealthy hold dont need spend mining proof stake work allow wealthy invest mining equipment control dominate market ultimately government earth going give monetary policy key lever control essentially everyone involved point trying hustle next generation hope would serve useful technological financial system gone massive misrepresnetaion bitcoin particular work despite claim offer following anonymity entire blockchain public diligently recorded million node distributed freedom small number mining cartel control almost hash power normal people use one ten crypto currency exchange everything anyway unencumbered transaction comically slow inefficient convenient purchase wallet unwieldly normal people reversibility store value volatility hilarious anyone care u btcusd thing like cryptocurrency monero pretty clever ethereum smart contract pretty scifi watching people learn 5000 year history banking regulation single decade fun massive financial catastrophe watch mostly harm people read previous list earlier state every single exchange either getting robbed exit scamming fanboys quite funny retrospect thx utwentycharactersshor extra item used think cryptocurrency fun hack bad idea mainstream im pretty convinced banned purely resource ground since seems impossible force externality addressed possible someone invent cryptocurrency thats efficient level morally reprehensible use would take existing cryptocurrency interest want bitcoin succeed purely theyre top pyramid also selling shovel anything new compete aginst real financial sector entrenched cryptocurrency player,Negative
demand bitcoin go logically start replacing fiat currency maybe one day global reserve,Positive
got ta think year cro still early,Positive
going long term btc eth coin buy imo,Positive
isnt investment speculation ponzi scheme there underlying business generating profit asset appreciate reason price rise future somebody else see price rising want speculate keep rising self fulfilling isnt,Negative
he exposing pointless crypto,Negative
99 shitcoins dont even survive bull market,Negative
dogecoin 10b though everythings going lot others,Negative
got banned fro crossposting sub know sound investment frantically ban silence anyone even remotely negative ... meanwhile constantly find new buyer lose money,Negative
yet see useful use case come crypto cant done without easily people jump decentralization wont remain decentralized already getting centralized government never let happyplaygroundforcryptobros point already dead aside basically useless,Negative
people dont want accept crypto seriously risky speculative asset arguably one speculative absolutely metric set floor price revenue eps building machine ip hard value nothing weigh look say holy fuck undervalued right buy .... thing propping crypto price feel money coming bucket crypto isnt closed loop meaning dont get paid crypto transact crypto directly buy fiat buy something vendor exchange back fiat real use medium exchange excepton razor edge margin .... economy get worse price keep going people simply less money going lot seller buyer willing put fiat riskiest asset pay 50 food gas might lose job soon happens every downturn people flee risky speculative asset man shrugging going get worse havent really seen layoff yet going happen .... crypto really going take shit happens money coming bucket point crypto market never decouple wider financial market thats complete pipe dream imo,Negative
dead may never die bitcoin declared dead like 400 time always come back,Positive
negativity bitcoin held well often trade nasdaq simply trader trade time divergence outperformed bearish nasdaq year hedging magical hedge .. strong unhacked financial network finite supply btc dominance crypto rising runaway inflation weakens fiat naturally btc hedge degree historically volatile though cant depend short term hedge,Positive
glorified ponzi scheme waste people time electricity,Negative
plan invest small amount every month,Positive
totally feel ada way hyped,Positive
yeah luna going sht sht hole,Negative
like original digital gold know bitcoin,Positive
personally invest btc eth reason diversification trend getting everything online whole metaverse thingy continues gain also continue rate adoption increasing consistently eth whole new ecosystem insane amount application sure better crypto could replace could better search engine replace google yet im worried btc first real moneypropertystore value whatever want call give complete control decentralised predictable see code,Positive
buy luna 2.0 deserve financial ruin guy pure fraudsters,Negative
bitcoin need approval politician bitcoin people currency supported people existence made legal choice people politician derive power people accept people way,Positive
yeah could correct statement though sub worst analysis except analysis bitcoin real value crypto currency people thus love matter much percentage get,Positive
axie fail mediocre game coin far game company make better game mana actually experienced decentraland buggy better tech company create much better stable metaverse mana,Negative
crypto immature market high degree volatility traditional investment hold growth day trade 90 people hold even 10 remaining probably shouldnt day trading crypto meaningful average return mean crypto difficult fit within accepted investment strategy,Negative
dont dwell altcoins much cause become homeless,Negative
im skeptical solana due low public allocation launch solana team vc backing leave retail investor liable dumped saying happen never know,Negative
worried eth 1000 would anyone buy crypto right think stay 1800 bottom .... boy boy long crypto honest question,Negative
dca reason dont care price drop anymore getting less ill take,Positive
crypto high risk investment wouldnt reccomend anybody hundred crypto created sole purpose attractic investor pump devs people promoting cash leaving everybody else loss reason crypto going plenty opportunity get burned,Negative
love keep filling bag bargain bin price smiling face smiling eye,Positive
doubled solana cardano algorand flushed face,Positive
always best buy bitcoin rather wait long get left behind spike,Positive
kwon cashing 2.7 billion collapse biggest con job history,Negative
id love see cryptocurrency regulated existence black plague humanity literally carbon producing monster desperately need crush also need stop lot carbon producing industry like oil gas unfortunately world cant function super well without gasoil right function without cryptocurrency thousand year literally called patient waiting another day two fund settle mention cryptocurrency absolutely filled scam technology blockchain outdated stupid literally unchangeable linked list programmer worth salt see basically useless old technology tiny niche us largely corporation government dont need certainly dont need cryptocurrency maybe one day wont exist anymore dream,Negative
dumbass cryptocurrencies trade close actually triggering,Negative
potential disrupt market offer service solution blue ocean level im excited see blockchain change gaming coming decade,Positive
algo garbage im explaining conarguments im totally aware probably downvoted post history sub dont care algo shilled coin reddit unlucky one took bait bought algo shill research paper everything looked great fast secure reliable read lot article read whitepaper bought algo half year holding say really bad ill tell keep mind im talking whole algo ecosystem blockchain dapps like currently daapps joke younger chain hundred algo ecosystem dapps working really bad next point chain young excuse chain much cool usefull daaps algo dapps using avm algorand wirtual machine adoption always slower slower dapps working like shit many daaps rely single source truth algoexplorer api constant problem platform like yieldly work like shit november december horrible wasnt single day without issue official wallet ... sometimes working working correctly dependant algoexporer api aws algo centralized reward running node yesterday algorand dex tinyman compromised hacked liquidity pool gone horrible marketing clear roadmap 2022. unfulfilled promise example increasing tps lot small one like poor website doesnt look professional poor communication algorand foundation algorand community reddit toxic blind algo price increasing posting chart yelling awesome algo pump incoming claim bitcoin get algo algo awesome algo bitcoin hate every chain algorand best poor price action comparing scalable solution ok may disagree point straigth fact please research recent hack algoexplorer problem edit thanks reward,Negative
bitcoin saving true saving bitcoin also true pricing mechanism humanity ever invented,Positive
great way bring money help ukraine,Positive
community tech tech enables developer build powerful application large community developer building apps attracts large community user using large community user attracts developer build apps attracts user ... community network difficult reproduce migrate successful alternative chain bridge ethereum compatible evm apps tool also work network ethereum center,Positive
debanking access bankinglike service people currently access bank cheap transfer money like remittance family abroad smart contract securing ownership information reducing need expensive notary see crypto new industrial revolution new internet next step live believe tenfifteen year look back society without blockchains everywhere way look back society without smartphones remember like going back impossible kid dont understand,Positive
three fraudulent scam coin kwon terra team .. basic coin look .. first failed stablecoin people lost everything luna v. ust luna v. scam guy going fucking ruin crypto everyone one case scammer terra need held accountable made example hopefully,Negative
gon na trust horrific guy never gon na invest luna ever,Negative
polygon lowno cost ethereum good book,Positive
macro economics looking like shit thing youre looking bull trap,Negative
pretty much scammed billion world guess madoff lost prick,Negative
entire crypto space full moron tbh,Negative
honestly attractive thing crypto literally paid learn shit ive got half dozen degree diploma certification couple really different field love learning clearly everything studied pursuit career opportunity also love making comfortable living paid learn stuff put time money delayed payoff crypto actively pay learning macroeconomics finance infrastructure coding politics sociology gaming art marketing ...,Positive
way ride back go outside enjoy hobby keep onnnn buyin well wishing cheap day like soon enough,Positive
well 95 crypto shitcoins scam coin .....,Negative
thismachinegreens.com bitcoin mining consumes energy produce zero emission energy perspective difference bitcoin miner server datacenter christmas light consume energy produce zero emission also people choose mine bitcoin way people choose put christmas light every year christmas light consume energy entire bitcoin network dont read article environmental concern around christmas light,Positive
im also excited ethereum move pow po remove greatest criticism several study estimate reduction around 99.5 energy cost furthermore eth working hard towards improving transaction rate need want challenge like visa mastercard process order magnitude transaction p,Positive
funny thing people already added liquidity see algo explorer folk already put money shid coin unless wallet youre associated say case point people buy pile poo even labeled clearly packaging smell much like pile poo,Negative
xlm relatively stable price good thing make better currency cryptocurrencies,Positive
allways wanted invest money stoks unnecessary complicated expensive plus return get stoks often inflation crypto everything accessible cheap return huge gain operates 247 know thing two technology,Positive
link good cheap right ive increasing chain link position lately,Positive
think bitcoin keep rising infinite percentage one day crash stay noob,Negative
bitcoin hedge bank bailouts literally genisis block bitcoin hedge entire financial system central bank commercial bank 99 people buy bitcoin hedge run away inflation 99 people buy bitcoin bank collapse credit card stop working grocery store accepts lightning payment,Positive
havent last time visited rterraluna completely overrun detached moonbois yet page people contemplating suicide mind boggling,Negative
bitcoin rest crypto market weathered unbelievable amount fud around ten year guess still biggest critic embracing tech impact blockchain tech stuff like web 3.0 decentralised ai supply chain defi name immense ....... compare market tulip wilful ignorance,Positive
there winning unless youre extremely lucky pure gambling,Negative
look safemoon even speculation dev team scammer ... 100 proven code ... yet people cling hope getting rich haha human mostly fucking stupid creature,Negative
eth development going thats ultimately important blockchain useable people right finished product crypto really justify market cap performance point thats people say still early speculative value placed cryptos may may pan eth 2.0 roadmap eth best chance scalable developer friendly,Positive
whenever feel stupid incapable anything life take look crypto space lol,Negative
defacto gold stable 2.5 year really pleased tested exchange mechanism picked gold verify token burned process,Positive
stay away luna scam 2.0,Negative
yup still mega bullish dot canary chain kusama also,Positive
ethereum future people fud missed boat want buy cheap,Positive
like traditional gold lack intrinsic value doesnt produce anything create cash flow almost nobody seems fully grasp work underlying blockchain technology might prove tremendously valuable point difficult see one type digital coin considered valuable without much obvious nonillicit utility,Negative
really doubt deep im assuming fan greedy hopeful people kwon know greedy people crypto space know even fuck time like trust mean nothing anymore make money,Negative
much garbage surrounding coin community kwon .. smart investingthis coin suck even make money coin suck really really weird watch,Negative
rollercoasters go back call view halfway,Positive
money mate money .. point youll love tech upgrade offered looking deip aim tokenize intangible asset bringing em onchain interesting move defi whole ..,Positive
terra 2.0 doesnt algorithmic stablecoin literally completely useless youd moron buy aware algorithmic stablecoin 100 value proposal terra,Negative
monero probably best coin atm change mind,Positive
going sale im gon na get fat bitcoin sell people going call whale,Positive
one convinced crypto investment anything ponzi scheme see utility currency dont think great either question ask useful feature support current price,Negative
crypto giving u avenue passenger financial world,Positive
renewable energy already used mine btc even without using renewable energy proven bank consume energy btc year,Positive
intrinsic value doesnt produce anything,Negative
kwons arrogance terras downfall many example dumb as tweet,Negative
yaaas folded hand mediumlight skin tone buy sol,Positive
ive still yet hear use case would cause want bitcoin even living argentina trying safeguard inflation would still buy usd want something drop 50 matter month,Negative
sooner trash fall better fuck justin sun,Negative
dont care monero privacy coin think represent easy way human trafficker operate radar,Negative
welp hell realize wherever community doesnt back project fail finally implement burn lunc guess,Negative
many thing destroy planet faster bitcoin mining dont hear crypto us little bit energy everybody pitchfork,Positive
ever since read literature blockchain tech web3 potential 25 crypto exposure might might brainwashed read assessed risk conviction blockchain tech stay dont really care currency coming anytime soon tbh,Positive
every coin outside bitcoin ethereum invented solely make creator rich would one different,Negative
hold bag exit strategy good thing new proposal dont need change implement burn new one code already written need community approve far 93 voted yes,Positive
well even newer investor say experienced crypto crash dont kill ya make stronger like last one find way back hold relax enjoy life buy philosophy victory hand,Positive
im bullish ethereum even l2 project wont built ethereum still rely l1 infrastructure security dont think eth going anywhere anytime soon,Positive
love tech damn cool mixed current upcoming technology gon na continue wild ride,Positive
started playing seems great far also love idea getting coin listed anywhere believe great,Positive
btc fairly analogous gold intrinsic value proof work gradual supply limited total amount however btc several advantage instant transfer doesnt need expensive physical storage decentralised anonymous blockchain provides indisputable ledger many people bitcoin seemed like nonsense start looking replacement gold difficult fault really feel like inevitable replaces gold store wealth long term comparing share way look although dont think share price always based tangible fundamental,Positive
note applies think go invested shitty project 99 likely going ever lost,Negative
bitcoin many thing compared function gold relation gold foundation beginning fiat fiat created easier transact literally gold gold became denominator value fiat problem corruption human error longer way verify supply fiat gold printing fiat mixing gold thing bad bookkeeping there bitcoin imagine story instead gold fiat backed btc verifiable limited infinitely divisible asset mined proof work like gold bitcoin also easier transact directly compared literal gold people consider possible currency goldfiat supply trusted also wouldnt transact precious gold thats fiat btc hold btc spend fiat truth bitcoin many thing store value digital energy unusable electricity used mine bitcoin transactable medium currency collectible limited supply get lower everytime somebody loses btc wallet key btc beat gold btc beat fiat scarce gold easy transfer across world noncorruptible decentralized verifiable alternative current fiatgold standard missing component adoption,Positive
setting higher high since january going since november holding way better stock market plus get good catalyst could green ytd soon ..,Positive
brand new shitcoin buy monkey picture,Negative
crypto taught ethic economic culture control emotion stuff taught diligent learning also thats im learning muse investing though looking promising ..,Positive
doesnt understand bitcoin bitcoin asset bitcoin payment network payment network alone operate efficiently less fee company like western union also secure transparent swift buffer ask much went developing swift thats pretty much cost basis bitcoin payment network bitcoin like fiat except neutral universal majority fiat,Positive
best thing crypto earn per week staking last year interest bank giving combined bank literally robbing people money running one successful scam world,Positive
yeah pretty much blockchains definitely improved technology kudos devs eth many brilliant excited people working least 100x number devs might conservative etheruem layer2s ethereum likely stay time proving ground testing ground thing mean thing going thrive quite contrary dont expect ethereum suddenly become null anytime soon,Positive
im immediately cashing every red cent soon fact he fully reimbursing victim enough lose confidence fact confidence matter enough lose confidence con,Negative
even worried ill make money back within month,Positive
ceo making fake promise problem thats bitcoin king,Positive
mention bitcoin devsusersminers trinity keeping check something po coin dont user obeying devs,Positive
followed even larger dip,Negative
bitcoin going win traditional finance obsolete hey guy let trade business hour lol hey move without anybodys permission,Positive
dump .... pile poo coin,Negative
another ponzi waiting collapse like terra,Negative
probably popular opinion monero criminally underrated spoken enough,Positive
10 unlocked developer dude scamming,Negative
agree holding crypto coin believe use coin promissing technology,Positive
btc eth ltc algo solid starting place,Positive
fair guy sub made guide make shitcoin literally called buttcoin pumped im surprised point,Negative
youre defending pile shitcoin postitnote say dollar legitimate asset tracked dollar shitcoin disguise thats peg didnt hold,Negative
pace 100 coin worth nothing,Negative
algo isnt going away never problem fixed transaction fee thats absolutely tiny mega useful,Positive
well fully believe crypto stay im happy increase position btc eth,Positive
bitcoin like natural dmt floating brain everyone possibility access without cost process read understand define without middleman slow cant stop flow,Positive
elon reason doge perpetual dip since snl appearance,Negative
many time people get burned learn trust guy,Negative
problem though lot people dont think cryptos riskier stock see much rhetoric bitcoin similar going go easily 10x coming year unfortunately seems less informed educated investing seen influencers tiktok youtube reddit etc ... see ticket rich kicking 10 year time dont take advantage try speak rationally think saying shout fud ignore cryptos net negative value people put minus fee people running platform miner dev wallet founder selling excess token etc taking impossible every investor get back money put always someone left holding bag,Negative
whatever case im still bullish failed part btc first kicked id millionaire im making mistake point im converting holding like shiryo dca,Positive
really good secure decentralized chain project might look good sacrifice decentralization scalability useful lot people isnt,Positive
dont money invest think crypto longevity,Positive
think smart hold still buying altcoins moment guess cosmos smart buy since recently got ravaged lunaust already lower market cap dot financial advice despite appearing exactly,Positive
given crypto fundamentally deflationary limited supply make terrible currency currency purpose investment facilitate trade deflationary currency always gain value due limited supply mean people sit instead transacting inflationary currency hand incentivize people use good investment actively losing value,Negative
prefer gold investment trading,Negative
feel sorry anyone got ponzikwon ii,Negative
total lack intrinsic value youre buying commodity currency backed country economy always intrinsic value time low value hang onto investment wait storm crypto investment could go smoke could lose everything,Negative
let call scam rugpull ponzi scheme,Negative
hate dogecoin fanbase discussion nothing dogecoin honest liked popular meme coin last year community seemed really cool elon musk started talk least thats think became annoying every post involving crypto case even involving especially post elon musk people spamming dumb shit doggy coin one famous figure ive noticed matt wallece take look tweet history understand im saying one im annoyed dogecoin people life resumed convincing people time there crypto worth paying edit yeah hate strong word dont hate im sick reading dogecoin everywhere,Negative
wrong company engage ponzi scheme btc proven also collective people promoting pushing price profit investor btc gain loss others,Negative
unbelievable lost 2k kwon third whole portfolio lot money unamused face im really done guy face rolling eye,Negative
way buy low ... buy high ... time sell spend something lol,Positive
banned going ponzi going well acgtually distributed decentralized mlm scheme shilling centralized database stored decentralized matter people write via convoluted decrentralized way due negative sum nature mechanism lead scheme needing ever increasing supply fiat electronics power collapse system also benefitsthe people bought early ocer buy late aka mlm extra step pyramid scheme extra step ponzi extra step,Negative
im old might around 15 year thats long way speculate anything btc beginning present ... lot future still everything else gamble,Positive
good portion alt actually built ethereum first mover advantage actually good wouldnt today didnt,Positive
right ada far leader come stacking strongly believe coin,Positive
half penny baby let go want new c8 corvette baby,Positive
buy real gold instead crypto version paxg serf real purpose,Negative
bitcoins mined miner incentive keep validating transaction thats see bitcoins price shatter,Negative
network disaster constantly issue cant even send sol defi wallet keep failing,Negative
situation changed past decade fortunately bitcoin give u alternative system allowing u take back power money,Positive
internet allows transfer information around world bitcoin allows transfer money around world amazing revolutionary technology,Positive
chance dumping get worseno burning going either circulation supply hasnt changed coin lol,Negative
bought bitcoin cryptos believe dont feeling investment youre simply better sideline,Positive
dogecoin one fastest cryptos cheapest crypto fee want send money america friend india westernunion take day send dogecoin 30 cent max 15 minute,Positive
well see something good related price security happens good shit glad investing good future,Positive
tell crypto currency invest bitcoin go back,Positive
love red heart bitcoin community fiat hope ill around alive one day people say much satoshis bothering converting state fiat,Positive
come nobody could known scheme someone say give dollar ive give magic bean return 20 year wouldnt go forever,Negative
blockchain slow expensive slow transaction expensive transaction expensive sufficiently incentivize people stakemine secure network there recourse case fraud extremely inefficient uncompetitive system design,Negative
still think algorand love coin,Positive
ltc cheap fast exchange transfer,Positive
99.9 crypto essentially gambling dont kid might bag holder sometime future said luna particular aspect grift red flag definitely,Negative
two word free fall,Negative
millionaire made shit coin,Negative
blockchain cant even work correctly,Negative
seriously feel like im taking crazy pill apparent everyone cryptobros come woodwork say dont understand crypto read original whitepaper maybe year came kept reasonably well informed crypto stuff since early day bitcoin kind interesting pretty quickly became apparent could never function consumer currency bitcoin attempted process even transaction amex day would take week verify transaction cant used currency wtf people started pointing gold largely worthless except agreed store value said well cant bitcoin course cant gold physical substance backing nation state value protected legal social institution yeah money fake bitcoin fakest end day crypto worthless find someone trade actual fiat currency cant used fucking buy anything mean crypto bagholder scam work long next idiot come along hold bag fundamentally different holofoil comic book cover almost destroyed comic industry speculative bubble 90 except there level exposure size small western european country party last forever every bubble burst time flat fucking circle,Negative
shitcoins got ta shitcoin,Negative
crypto pure potential represents hope mass discriminate racist doesnt give hotdamn preferred pronoun algorithmic equality distupter disrupting tech virtual revolution literally reshape world adoption begun everyone realizes regulator try stop revolution late downtrodden rise oppressed stand unity oh made rich fiat rich knowledge acquired learning trade ta better budget plan future childrens future hopefully generation come,Positive
tether also backed much hope prayer,Negative
lunc resisting hard think pump lot market turn positive,Positive
knew bitcoin starting take today,Positive
honest sound extremely unrealistic litecoin steadily lost rank past year would surprised could reverse trend,Negative
still investing kwonartist coin,Negative
pretty easy win imo got ta hold till next btc ath youre literally guaranteed 10x current price,Positive
ten year ago put payment money bitcoin instead real estate 1000x bitcoins price continues grow rapid rate long term average see good reason bitcoins rapid rise reason still exist fact today even good reason 10 year ago reasonable expect long term average growth rate bitcoin stay high foreseeable future real estate significant holding cost eg tax maintenance insurance sometimes fee interest real estate isnt liquid extremely high transaction cost ultimately price real estate rent limited income example long run people cant pay mort.rent earn realistically might able afford 35 40 percent net income place live thus real estate price limited income long run income tend barely keep inflation looking long term historical data caseshiller popular real estate market see fact real estate price barely track rate inflation especially significant holding cost properly accounted bitcoin limit bitcoin holding cost bitcoin liquid bitcoin transaction typically little bitcoins price doubling every year long term average mentioned reasonably expected continues rapid ascent real estate currently bubble evidenced pricetoincome ratio current bubble pop prior bubble eventually pop real estate nailed bitcoin taken anywhere world real estate sitting duck higher tax real estate confiscated private key properly stored bitcoin confiscated knowing person would total idiot purchase real estate instead investing bitcoin said plan eventually using small fraction 10 15 percent bitcoin holding buy dream home pay bitcoin still end sitting serious stack sat zero regret investing bitcoin instead real estate never,Positive
btc legitimate competition building highly secure store value ethereum amazing countless layer 1 nipping heel btc gold ethereum internet problem countless additional internet want piece,Positive
avalanche continue build bring partnership remain top 15 smart team think continue well,Positive
thats bullshit bitcoin co. even crashed index last month real material stand behind gold help crash bitcoin,Negative
id say dot worthy investment well,Positive
also btc btc government take,Positive
lol crash revealed terra algorithm work luna crash like btc least drop certain level team use single btc backing joke,Negative
ethereum scam scam topic subreddit,Negative
really sad see coin right cashing two year,Negative
loose dont bring luna excuse kiss sky wtf dont bring luna matter fact bring fuck perfect example top coin obliterated day hold matter stupid hodl btceth,Negative
im holding 100 axax predict 1000 2000 2028,Positive
dont understand bitcoin true bitcoiners never sell fiat also major lol calling fiat actual money knew money really would understand bitcoin realest hardest form money planet ever seen,Positive
backed luna ... wasnt project failed idk people buying kwons bullshit fool shame kwon fool twice happening,Negative
diversification seems recently got enough traction wont die lot young people believing buy etf politician traditional finance people mentioning etc also cool said tiny part portfolio though rising despite paying im prepared go,Positive
drug dealer dark web user money laundering really making crypto look bad,Negative
crypto implode celsius go eth take beating billion lost know coinbase made announcement,Negative
munger belief usd fail next 100 year since understand frail current monetary system madness cant see valueutility bitcoin,Positive
guy keep repeating doesnt make true doge wont rebound like bitcoin bitcoin doesnt endless supply,Negative
ask tech people think blockchain vast majority expert technology finance recognize crypto scam hey excar salesman ceo routinely get trouble sec security fraud ... know theyre talking right,Negative
based nothing belief future think level risk involved associated shilling manipulation cause people dislike could easily go tomorrow youd left nothing perhaps worth punt though sound invesmtent type discussed,Negative
people using btc world every day doesnt matter 90 held investment there ton transaction btc used intended used freely getting popular day,Positive
main point bitcoin lack ability give access cash flow,Negative
added 40m dip put 380m need 120m get .5b goal,Positive
cryptocurrency long term investment dip newbie panic selling good thing opportunity buy low sell high future game patience hold gain,Positive
im pretty sure transaction blockchain orchestrated pump dump,Negative
ive buying year keep going matter said matter volatile year alone proof enough crypto isnt going anywhere,Positive
decentralized internet seems cool smart contract voting title deed digitized blockchain,Positive
xlm work really well exchange transfer,Positive
luna 2.0 going easiest 23x year fully developed ecosystem box soon fudders going whining missing boat lol,Positive
people trash xlm think long term beyond,Positive
xlm going great year,Positive
bitcoin headstart issuance lower past year merge ethereum superior technology monetary policy market cap follow point,Positive
accumulate even better price next week week,Positive
problem dont understand full potential bitcoin bitcoin nonpermissioned nonsurveilled esp lightning pure trade whatever reason valuable spend bitcoin bitcoin valuable fiat replenish bitcoin buying bitcoin see work would rather coorporation looking shoulder every payment youll opt pay bitcoin saying,Positive
whats worse wasnt first post make shit coin like third fourth shit coin creation post prior also pumped,Negative
anybody get scammed shitty coin dumb literally aint got trust anymore,Negative
going go might get hated ethereum best smart contract platform right amount dapps smart contract there competition,Positive
constitutioncan end despotismwhen people shall become corrupted need despotic government incapable b. franklin bitcoin one chance sperate money state youre reading resistance dont fuck,Positive
eth there ton alt built suffer crazy fee,Negative
able send fund another country instantly feelessly without environmental impact clean mobile wallet interface knowing zero inflation decentralized secure network fund safe theft inflation give warm fuzzy feeling every time,Positive
eth good highest level security securing blockchain also didnt mention scaling solution help along sharding help scale ethereums false say reached limit build top ethereum extend capacity reason redditts choosing community point secured ethereum high fee result many application user fighting limited blockspace although fee high expect 23 year scaling solution mature deliver fee extremely low user interacting etheruem using layer general interaction think eth going 2050kin medium term ppl seem think way forever cant look passed immediate short term ppl want best security use ethereum eventually theyll able low cost inherenting security etheruem l2s isnt zero sum see blockchains beinjg widely used due huge amount demand blockspace ethereum delivers l2s come together main negative think probably keep price stopping growth fixed see ethereum really coming esp 25 timeframe,Positive
gon na bounce back weekend,Positive
shit coin 1shit coin nothing nada rien nichts,Negative
ethereum gas fee high make worth using,Negative
making money dont hate kr tax dont hate bank want buy land mine crypto hoping thistle bit turn lot dont worry hiding earnings gladly pay tax like whole life,Positive
believe opinion crypto summed effectively simple lol,Negative
lot shitcoins substance putting black casino anyway,Negative
apecoin going become worse version shib i.e enough pump still dump reason logic,Negative
bitcoin better stock profitability bitcoin compared stock much higher,Positive
spent month annoyed price high get another run,Positive
biggest con job history kwon nobody buy b stfu,Negative
usdt potential scam big enough demolish crypto,Negative
bitcoin used interesting tech prototype digital currency failed volatile slow useful bagholders rebranded digital gold try dump bag investment bitcoin functionally identical ponzi scheme,Negative
exactly remember party getting started join late,Positive
bitcoin negative energy itll never produce dividend dont think safe heaven dollar collapse want asset doesnt require internet connection retail investor stimulus check stack bitcoin government stack gold see bitcoinblockchain amazing service asset ups valuable shipping service envelope worth 30k want use bitcoin transfer 10 id buy 10 worth transfer idk dont see value,Negative
low cost liquidity physical storage risk easily moveable biggest benefit interest nexo,Positive
daddy bitcoin indeed king,Positive
100useless stupidlynamed greed token boast 1000 apy see spammed continuously rcryptomoonshots absolutely safe investment,Negative
thanks spreading word monero really everyones portfolio,Positive
well he idiot ... crypto going keep going dollar go ... time next year itll 4k coin,Negative
hahaha think entire crypto industry dangerous destructive scam run idiot benefit idiot cost idiot believe im defending nothing idea laughable anyone think false advertising reasonable way pursue remedy anyone gourd,Negative
bullish big boy coming crypto,Positive
chain distributed decentralised bitcoin best,Positive
entire market receding red last weeksmonths load,Positive
dotcom crash wiped many useless tech company promising future bubble burst crypto,Negative
good time dca btc btc,Positive
cryptocurrency bad environment mining transferring cryptocurrency essentially getting crypto sending someone else requires lot energy essentially crypto requires computer bunch really complex math equation draw lot power,Negative
think bitcoins less volatile cash youre delusional,Negative
dont even know people like shit coin bad buy sims stop losing money bag,Negative
would crypto help value shockingly unstable would need convert cash money real liquidity also theyve talking using crypto form exchange developing nation year still hasnt adopted there upside crypto way send money lot downside,Negative
ill never restake anything fixed term lesson learned ...,Negative
open eye guy dont give fund manipulator,Negative
doge go back soon,Positive
time ive ever used crypto gambling site illegal purchase even ball ache get sorted ...,Negative
ability use defi send across planet fast cheap hell,Positive
every altcoin scam youre diversifying youre victim,Negative
step ax etc obvious ponzi scheme day numbered moon hope moon thing dy increased shitposting unbearable level,Negative
going dump smooth brain,Negative
lol clear stable stock stock market whole worthless cherry picked analysis,Positive
bitcoin one investment time,Positive
would say crypto currency sad fact lucky half safe investment,Negative
developer yes good large part first mover advantage ethereum largest active community developer factor 100 would estimate massive advantage technology platform mean great documentation tool apis resource make easy learn build got obscure question feature youre building there probably help guide stack overflow post youtube tutorial answer massive developer community also make much easier startup business hire engineer already experience new skill often google answer thats probably expected hear likely wanted analysis tps scalability ethereum chose logical solution scalability lightweight layer po system sharding excellent layer option high transaction throughput focused goal longer project far reliable robust decentralized smart contract platform available,Positive
got caught news narrative crypto lot better ton thing environment dont attack,Positive
scratch gambling itch make learn investing economy general,Positive
biggest pyramid scheme history world impressive,Negative
price low crypto isnt going away,Positive
green energy already widely used mining bitcoin httpsfinance.yahoo.comnewsgreenenergysustainablefuturebitcoin232841036.html according recent report bitcoin miner already using 56 total electricity sustainable renewable source member council usage even better 67.6,Positive
shitty ethereum bye bye,Negative
bitcoin going win traditional finance obsolete hey guy let trade business hour lol hey move without anybodys permission,Positive
im still bullish dogecoin favorite coin right,Positive
people dont want lose money typo,Negative
go 1m sure best time invest usdt bitcoin guy dont miss still early,Positive
bear market nothing green candle,Positive
never give crypto grateful boring time going forward veteran mantra,Positive
time buy last time happened anyone bought well later held,Positive
literally flippin boat done crappy token rely news play tweet,Negative
eth largest active community developer matter best tech world worthless devs using,Positive
developing country dont traditional bank internet connection able conduct business lot efficiently,Positive
think ive enough advice sub luna nail coffin,Negative
hope stacking ethereum discounted price raising hand,Positive
currency yet one us currency cant use buy thing around town major online store bitcoin especially place like venezuela venezuela actually great example good world exists feed family farming runescape rather starve death dictatorship oppressing,Positive
investment based investing work others bond loan money company make sure fund pay interest profit equity invest company share profit crypto doesnt underlying asset there company work generating profit generate value interest dividend value wholly based confidence th value cryptocurrency there real value work done convey value way generates value like ponzi scheme investment dont like seeing people recommend investment there floor value asset business profit drive value serious crisis confidence could see value fully collapse zero proper investment there floor value underlying asset within company share may trade based expectation future success floor know market crash asset may become undervalued exist share tangible company tangible profit asset tldr close ponzi scheme therere asset profit driving value,Negative
great get paid heating swimming pool house thats bonus mine look bitcoin term think itll turn great investment,Positive
bitcoin pretty stable comparing worst comparing stock doesnt prove point,Positive
know every sale there buyer right buy fear ..... sell greed wish could dca way dca,Positive
dont see would sell luna righ people got chance sell instead 0.0003 obviously take,Negative
crypto future plain simple buy perish,Positive
another arrogant prick algorithmic stablecoin failure inevitable,Negative
bitcoin gold still dont understand gained much value,Negative
thats literally crypto ponzi,Negative
honestly fuck eth shouldnt top 10 yet,Negative
monero coin genuine use case serving purpose without shilled influencers keep buying bear market,Positive
like seen past couple day get manipulated big corporation shit fear last time,Negative
longer trust central bank government internet connected everyone thus allowing u see bullshit need decentralized currency everyone,Positive
held bitcoin since 2013. bought sold load crypto never sold bitcoin long youre expecting immediate rich tolerate paper loss go,Positive
perfect morning shop buy fucking dip folk,Positive
gon na currency vr world definitely moving towards giant corporation focusing effort meta microsoft vr also seems logical growth standpoint text screen moving picture next logical step,Positive
solving need digital cash potential loss control global reserve currency either gold bitcoin become global reserve currency situation warning happening since 2009. bit bitcoin gold good risk management case eventuates plan worst hope best motto would rather plan best hope best good luck thing turn shit,Positive
solana going gone bear market,Negative
luna 2.0 scam guy dark degen swindler still trying loot public 2nd time governance vesting schedule luna 2.0 fine print parachute vcs kwon make money bank skin people alive second time fall trap gambler den compromised judgement due incurred loss make take irrational risk isnt good mind soul gig cut loss like diseased limb live pride survived loss lesson expensive life learning trying help people effort never considered waste giving unfortunate people world around second chance exchange token like flow river assume risk underlying economics bad interested fee ... sell garbage willing buyer current market price never fair ever subject change fixing manipulation thats market made wealth redistribution scheme worst printing money thin air,Negative
value bitcoin fluctuates way much least useful replacement cash,Negative
wtf talking volatile stock among largest market cap darling pandemic company like netflix paypal meta etc arent random company sp 500 used hold major share common etf arent random outlier look top performer cherrypicking people overleveraged crypto one leverage stock dont understand people want single crypto lot volatility come overleveraged trading suspect driving dump asset class deny,Positive
inevitable best time buy crypto,Positive
currency useful exchanged good service extent trade buy local country currency thats cool mostly right volatile reliable medium exchange,Negative
sad lol lot people probably hold worthless amount luna time price crash,Negative
use xrp send thousand dollar 20 second zero fee,Positive
hate crypto garbage made post paying anyone 0.001btc convincing cryptos usefulness lo behold come realise coin past year actually .. imagine surprise loaded 100 jaxx wallet year ago well thankfull 100 ofcourse lost wallet stuck initializing whatever mean cant anything httpsibb.co7xv0nf1 never bank lost money like crypto biggest fucking scam universe get still update ok winzupdatee showed fix crap assbitcoin promised sent 0.001btc well fav answer previous post dispite convinced whoever said wasnt going pay forgive also experience reinforced distrust crypto paid almost ten dollar transfer like 40. thats 25 fee lol hell anyone advocate service take fee private lender bank interest yea get anonymously send money anywhere instantly apart dumb excercise reddit cant fathom reason use especially store value civil polite discussion appreciated,Negative
people used salt seashell cigarette etc money money call good tool used money used store value exchange good unit account good tool becomes money used money prison cigarette becomes money good used money different good tool better worse money depending quality requirement tangible physical requirement job less work store value mean exchange unit account fungible transportable durable easy verify etc bitcoin property designed excel say store value volatile bitcoin contain volatility volatility caused human volatility problem long remained value increase value time time volatility matter far requires could require hold 24 year go become better becomes even valuable people see stay see trust store value even increase value far seems like given continue work would bet bitcoin gold bad today work mean exchange daily item probably people go back digital digital superior saving time verifiable httpswww.thoughtco.comwhatismoney1147763,Positive
correct people say bitcoin expensive late 100 wrong 2030 bitcoin million per,Positive
great post easy make money crypto patience long time horizon invest sound project dip plan return year week patient value investor stop trying pick winning number isnt lottery ticket fundamental investing principle stop clickingreadingwatching anything say coin 100x time stick strong fundamental easily 34x investment 45 year probably doesnt seem sexy remarkable return,Positive
ethereum used medical field verify vaccine passport blockchain thought one pretty cool,Positive
suspect bitcoin succeed none reason people talk bitcoin inherent value inherent value stem distinct advantage uncontrollable easily launderable bitcoin perfect underground currency sell drug prostitute sell murder bitcoins value inherent worth currency safely use conduct illegal transaction want bj corner fu lapd convert dollar bitcoins pay bitcoins presto happy ending value bitcoin eventually set flow money currency pursuit illicit good let say daily illicit transaction market 100m mean every day 100m worth bitcoins bought used purchase illicit good service sold back dollar thus however many unique bitcoins happen market day total worth 100m,Positive
huge amount developer use everywhere,Positive
now time buy bitchez,Positive
developer ecosystem eth make one seems like community eth let fail easily adaptable,Positive
bought cro first time start tanking next day whole crypto market go learned lesson,Negative
dont think shib going work much longer tbh,Negative
digital tulip fertilized massive amount bullshit,Negative
preach brother glad ltc finally taking interest focusing privacy deciding factor hold ccd monero,Positive
dollar going bitcoin going purchasing power dollar btc still see mass adoption btc future,Positive
one wise answer bitcoin,Positive
16844 crypto currency 80 pure garbage discussion according coin market cap 16844 cryptos world market although coin gecko show 12463. still thats shitload wonder non crypto friend think crypto simply penny stock market u space know project good intention fail succeed hang many others pure scam know guess price decentralization sometimes struggle dont believe censorship would business telling new project arent allowed already many room sadly many people invest life dumb thing like squid game token find liquidity trying cash others simply rug pulled worse part hit investor believer fundamental take creates bad reputation give crypto terrible image politician regulator beef anything crypto shady scam project determine shady scam project officially scam many people crypto world still say shib example scam thats opinion many people crypto say bitcoin scam many bitcoiners say ethereum scam go one critique politician often use crypto cant police come scam rug pull need harsh strict regulation enforced penalized crypto police project tribe cant stand throw trash twitter hope time people come better educational tool noobs aware fire hazard optimistic people want hope hitting moon shot shady scammer know imagine number typed title likely reach 20000 250000 time 2022,Negative
im going smoke still buy bitcoin,Positive
pricewise think good time get lrc good luck,Positive
always come back stronger,Positive
ethereum robinhood character reverse steal poor give rich gas fuel pump fee pure extortion matter time alt coin close ethereum,Negative
95 crypto project scam,Negative
lot changed actually there hundred crypto coin theyre competitive less thing different name thats huge dilution customer pool top given sport arena named crypto multiple super bowl ad likely crypto reached nearly every possible customer wouldnt expect much future growth userbase vast majority customer looking investment return .. good lately thats great customer retention top running miner exchange ad campaign enormous ongoing cost customer need cover perpetuity without huge growth user base hard imagine thing get better,Negative
yeah crypto sustain future country join crypto discover way making money country adopt technology first make best use technology,Positive
congratulation achieved bitcoin understanding level 1. nobody know many level im level 15. bitcoin beautiful invention ever,Positive
true meme coin lot alt coin bitcoin stay little exposure portfolio risk tolerance allows good,Positive
cause future payment system talking backend gon na using blockchains crypto decentralized finance effectively cutting middle man bank start earning yield asset,Positive
ethereum secure l2s built top secure network includes everything mentioned better .. network even near ultrasound money,Positive
huge step crypto germany congrats german hope rest eu follows soon,Positive
dont hit moon dont really utility easy getting shitposting ...,Negative
grab sale lad ... thats thinking,Positive
shit fool support donkey kwan,Negative
think dependable pick right stablecoin manage risk accordingly generally higher yield higher risk,Positive
trace common thread hippie counterculture 60 california today silicon valley ethos remains indisputable lsd inspired great music art crypto given u monkey jpegs,Negative
real beauty crypto cant printed government,Positive
technologically best great standard whatever blockchain identify best tech literally copied forked new chain track record equally technically good said best different blockchains feature distinguishes rest feature standard theyd best everybody abandon whatever top blockchain every time new project come better eth good first large number qualified developer lot node say cheaper faster etc blockchains therebut whats dapps built eth there lot inertia human effort tied eth smart contract another new generation come next year even faster smarter cheaper etc go l2s chain crosscompatible chain focus bridge end eths value lot first track record million found reliable hacker legal jurisdiction tolerated clone lesser track record people inclined trust blockchain something shiny new theyd research premine inflation developer see new vulnerability snuck code bitcoin money ethereum computing pretty good basic requirement money computing people like using everybody us chain may end displacing btc eth thousand tried failedit wont simply something better tech speed etc came along,Positive
honestly people support coin tashcans whole discord cdc people constantly talking luna 2.0 .. crypto weird time right,Negative
theyre moving ponzi scheme cult real fast like lularoemonat dude bros lmao,Negative
many thing worse environment crypto seems like statement used default disagreement crypto,Positive
investigate bitcoin stock flow model youre new wouldnt want bet 1m btc really sustainably 1m id say around 20282030. real question purchasing power 1m usd year,Positive
always work thats good,Positive
man simply gon na increase price btc ready real good amount bitcoin portfolio need kind price boost,Positive
weekend usually dip drop shop,Positive
bitcoin stable stock chose less stable,Positive
also people buy btc want able afford ton stuff dude cart,Positive
see rapidly deflationary market wealth chase diminishing return theyre still return keep trying con people buying without someone holding bag market crash,Negative
eth overpriced doesnt deserve biggest alt,Negative
good crypto tanking electricty consumption waste produced along side immense apart specualtion crypto use,Negative
many scam inherent value disliked financial institution rely used criminal seemingly random value mostly based seems manipulating market environmental impact,Negative
yup still mega bullish dot canary chain kusama also,Positive
almost bad ape expect fail ape though never know going pump dump,Negative
think surprised see people leaping chance get fleeced,Negative
tax real estate upkeep cost bitcoin absolute best way store money ever nothing ever outperform long term,Positive
yeah doge going way faster skull skull,Negative
wow really supporting scam,Negative
ive lost money every single crypto buy never sold,Negative
couldnt imagine one sucker bought luna 2.0,Negative
better return investment stock although volatile borderless transaction far better apy staking crypto leaving money bank protection inflation local currency local currency loses value like 10 per fortnight point,Positive
thats dont buy eth waste profit feed gas,Negative
useful bitcoin advice telling buy id ended cashing 100,Positive
easy one ... solana time year .... avax .. chain crash fraction eth volume .. eth perfect .. best far yes,Positive
like decentralized nature crypto gain nice,Positive
take note asking financial advice none u expert follow advice decision end day btc eth always good bet like algo one,Positive
like stable thing stable coin name go yeah really pegged dollar anymore many didnt care,Negative
see completely speculative asset ive bought past made bit money sold dont like immature legislated oblivion also doesnt sizeable use case yet trading money laundering cant see becoming used currency deflation inherently built well price volatility impediment also story store value weak consider price fluctuates massively unlike traditional asset thing see international payment end done without needing cryptos matter narrative feel believe everyone holding maximise return dump bag someone else who hoping underlying asset underpin value coin supply demand demand collapse price well open manipulation insider trading forth largely regulated mature stock market crypto wild west right diversified enough tracker find track thousand company something like doesnt exist crypto sphere provide notion stability like investing super volatile stock id happy speculate play money lack regulation putting making primary investment choice,Negative
remember price never recovered,Negative
basically ponzi fall sure luna decent ecosystem arrogance founder coupled several factor make investment red flag,Negative
wont going go forever believe,Positive
way seriously tell everyone dont try time dollar cost average crypto spare money year literally year look back see think pleased,Positive
dot real deal bank level security stability kusama essentially copy dot developed test new update real world real economic environment implementing dot ensure dot always run smooth never go security breach project dot also sister network kusama essentially thing get new feature capability first also cheaper use general kusama turning art gaming hub really cool moonrivermoonbeam karuraacala heikoparallel khalaphala etc kusamadot sister network team building kusama version feature dot version,Positive
store value hedge big investor trade like stock market thats go market still early take long time thing come fruition people resistant change,Positive
bitcoin first player decentralized crypto market thats good people use also many option along,Positive
im crypto since 2012 far found usecase transfer money come mind defi well far cost money,Negative
decentralized ponzi scheme one person entity orchestrating doesnt mean doesnt hallmark mechanism ponzi scheme profit come anywhere else new investor question needed establish whether ponzi scheme promise large return rest may directly promise certainly insinuate chanting fun staying poor indirect way asserting know go leaving nonholders poor entire hodl doctrine thats pushed philosophy make large return hold long enough dont play dumb direct promise everything short entire subculture built course try attract new member advertising super bowl wall street nba stadium name try orange pill friend family,Negative
love ada smiling face,Positive
well failed original purpose people attempted assign property year current narrative inflation hedge guess may time put one bed,Negative
still see completely speculative instrument hesitate call asset underlying value technology upon rest could adopted rather quickly federal reserve banking system blockchain see unregulated market likely face regulation domestically internationally move forward,Negative
many scam hard covert money back fiat relentless junk fake email nft hype stupid .jpgs celebrity exploiting space many shit coin many pump dump use case mostly bullshit great community mostly bullshit opinion prey seek community involved whilst unknowingly pant pulled horrendous fee literally anything crypto still complicated deal risk accidentally losing money hodling diamond hand rocket etc market manipulation like stock market unregulated ok thats even really true great see scam using fiat remains far easier secure last least losing money unless youre lucky actually early longer early strike pump dump early get right time willing hold break even getting hell even get sodding money somewhere use paying tax man handsomely course,Negative
dont worry btc 100k end june,Positive
crypto consider massive risk hell tether probably based fiction tank whole thing dont trust one financial advisor especially crypto,Negative
theyre staked coin least start swapping passive reward btc .... least realistically path lead bitcoin matter time,Positive
crypto fad crypto underlying value zero relies greater fool theory grow get lucky bubble growing people getting crypto loose money,Negative
100 10 90 loss 10 another 90 loss always get worse ...,Negative
yea big jump edge cliff,Negative
interesting course people whove made money crypto going vehemently disagree portfolio crypto btc eth fully understand risky af strongly believe profitable long run,Positive
youre telling next two year slowly going receive luna2 token supposed trust two year,Negative
problem much thousand cryptos dont anything thing many copied pasted little difference limit use case one market diluted mean many chain fade obscurity,Negative
um bitcoin constantly improved evolving taproot pretty huge,Positive
everyone ever wouldve invested doge already done there longer bigger fool left buy useless currency going 000001 dollar trust,Negative
lel useless ghost chain dead year one care ada besides ada tards,Negative
yes thats cryptos prey mostly poor financially illiterate people,Negative
lose money 2nd time mofo,Negative
bought crypto surf hype retard wave beleieve crypto long term investment think vast majority people quick gain well,Negative
crypto whole need win im rooting smooth transition,Positive
now good time start following news reflecting happen got learning bitcoin could better value opinion align ye accumulating bitcoin slowly low good idea,Positive
ask kwon stole 80k btc cause retail investor lose money ignores community burn creates new shitty coin youre going buy,Negative
gusd seems pretty safe gemini probably exchange follows rule 6.9 apy wouldnt worried losing money put,Positive
came cryptoverse like month ago waaaayy late know month constantly learning everything like op say blockchain tech behind different coin staking also bank screwing u fucking time many generation crypto way try get economically independent bank would keep money bank money play become richer give nothing back fuck entered crypto idspend money useless thing ... think twice spending ... humble thankfully sub thanks guy,Positive
crypto taught much ... crypto term also life general stopped smoking spending fiat useless stuff learnt humble thrifty live healthy grateful crypto im always happy see others good,Positive
matter time id spread though 25 0.05 25 0.04 25 0.03 25 0.02 bearish sound believe survive true crypto winter many alt wont ..,Positive
cant go wrong eth,Positive
used despise bitcoin cash dont actually see value politics used think bitcoin cash traitor avoided cost thought anyone trust ecosystem bitcoin coin everyone hold belief end dethroned would anyone invest space king btc thought 2017 day ... come term bch copy paste clone bitcoin every single bitcoin holder planet received equal amount bitcoin cash forked bitcoin mean even bitcoin cash became cryptocurrency bitcoin holder one blame dont equal portion bitcoin cash ... given free guess thought bitcoin cash bitcoin previous transaction history literally everyone holding bitcoin received equal amount bitcoin cash money grab bitcoin may may scale small blocksize thanking bitcoin cash created give counter argument see increasing blocksize end good scalability fee end cryptocurrency care everyone holding bitcoin time fork hold equal amount bitcoin cash dont sure took year epiphany wanted share thought bitcoin cash,Positive
demand tho lol bitcoin actual value,Negative
dont think crypto recover coin going,Negative
ive posted regulation particularly around stablecoins would good crypto arent going see widespread adoption regulation place safer playground risk averse people institution live within live harmony crypto today course assume regulation done intelligently definitely given think solid chance happening there enough money crypto folk like winklevii armstrong push regulation right direction,Positive
ethereum good first mover advantage managed sustain community project built around actually genius sure gas fee pain l2 might actually accomplished way line doesnt negate abilityprogress good project really 2nd bitcoin small fit litecoin ripple today advise stack much eth market wobbly sure guess still early day stack thats beneficiary first mover advantage discussed rpbtonline share lot insight market stack ether eth learn stack much cheer,Positive
store value currency hedge money printer want understand current understanding aside lowest effort ponzi scam truly loss understand explain function bitcoin solve solving also carbon negative toxic coal mine running mining operation sound positively awful much seems like bitcoin digital cigarette blowing fume pleb letting easy cheap energy source become stronghold even authoritarian rule russia kazakhstan etc think point bitcoin aside speculative bubble look like elaborate tulip mania longer dont answer,Negative
im long btc general lot institutional money there less retail investor there lot big finance money btc crypto general dont think completely go 0. lot liquid cash would splash altcoins really low value hold next 35 yr,Positive
t hustle investment look way portrayed social medium pumped enthusiasm travelling salesman used peddle snake oil olden day gamble hope find mug willing pay youre one left holding bag intrinsic value despite white paper world doesnt say tin people purely convincing idiot pay people argue coin currency decentralised money yet constantly nothing compare value crypto fiat currency basically purpose outside true stablecoins least used cheap way transfer money without risk value changing 10 within second volatility never crypto least im honest say reason sole purpose hoping money thats people pocket end mine dont bullshit like far many especially investing meme coin like doge shib,Negative
ill buy another 100 buck worth,Positive
dogecoin plain simple payment method crypto nothing fancy overly complicated anyone understand greatest strength,Positive
tether sort open secret dont enough fund crash eventually going take everything big time,Negative
used throw 50 paycheck crypto 20182020. one believed went 5k name 500k crypto time high dont need believe math work people anyway quit job 2020 wish soon well,Positive
bitcoin hope love many people buying investing long kid grand kid neices nephew hope love red heart,Positive
bitcoin younggive timegive chanceyou wont sorry,Positive
ive found nearly coin either useless serve purpose problem coin create like governance token dont need crypto proctopcs lend crypto others borrow crypto ... buy crypto nearly fully selfreferential closed loop system realed got ro ambition dream cold blooded trader helped,Negative
buy order spread across 750 1300 bear market game accumulate,Positive
supposed act currency kinda suck,Negative
1000000 correct xrp pure speculation zero delivery,Negative
like 99.9. 20000 coin thats 20. im still generous honest belief coin actual utility,Negative
buy forget trust process,Positive
think hype gone stuck holding bag,Negative
didnt invest xrp crashed much riskier option project time doesnt make sense invest something issue almost cryptos going go bull market dont feel bad investing xrp one bit,Negative
algo one best top,Positive
crypto changed life interested enough crypto likely invested may better others im glad space talk cryptocurrency crypto enthusiast,Positive
holding paxg purely normally go rest go good diversify portfolio commodity get interest paxg im getting interest nexo,Positive
ethereum biggest letdown crypto history,Negative
lightning network capability million btc transaction sec near fee,Positive
mean daily volume mean daily active user mean positive price action long run,Positive
exchange irresponsible list token luna shouldve allowed die,Negative
massive ecosystem pretty much application shitload developer crypto ethereum pretty much application chain fork developed ethereum say lot look top 100 cryptocurrencies many token ethereum majority decentralization safety ethereum could lower fee sacrificing decentralization like many chain dont skimp value put safety first even ethereum sacrifice decentralization go far something chain face user increase solution scalability trilemma ethereums solution rollups sharding rollups implemented right haswill drastically decrease fee sharding plummet even whenever arrives future people dont use layer ethereum use rollups layer preview buying eth crypto.com withdrawing onto arbitrum still quite high fee beta use curve finance like would ethereum layer avalanche,Positive
im actually excited cash side moment like,Positive
